hour_of_day,total_sessions,unique_users,avg_session_duration,completed_purchases,revenue
2024-12-12 13:00:00,6,5,109.29,0,0.0
2024-12-19 01:00:00,5,3,93.89,1,790.84
2024-12-31 17:00:00,5,4,137.01,3,12917.43
2024-12-12 14:00:00,5,5,175.98,2,9673.46
2024-12-29 19:00:00,5,4,141.01,0,0.0
2024-12-31 18:00:00,5,5,136.97,1,4612.4
2024-12-31 11:00:00,5,3,122.03,0,0.0
2024-12-06 00:00:00,5,4,112.38,1,916.5
2024-12-23 20:00:00,5,4,150.42,1,3706.1
2024-12-19 02:00:00,5,5,104.77,0,0.0
2024-12-20 13:00:00,5,4,119.18,0,0.0
2024-12-29 09:00:00,5,4,159.22,1,1156.59
2024-04-20 14:00:00,5,5,177.17,1,3720.39
2024-08-17 13:00:00,5,5,106.13,2,2268.01
2024-12-19 10:00:00,4,4,77.24,0,0.0
2024-12-26 16:00:00,4,4,105.12,0,0.0
2024-02-24 15:00:00,4,4,105.2,2,5226.58
2024-11-10 20:00:00,4,4,119.24,2,6326.38
2024-11-27 16:00:00,4,4,167.0,0,0.0
2024-08-02 01:00:00,4,4,159.68,1,4320.46
2024-12-22 07:00:00,4,4,143.83,0,0.0
2024-04-20 02:00:00,4,2,106.98,1,904.41
2024-07-02 15:00:00,4,3,146.05,3,2305.54
2024-12-14 12:00:00,4,3,148.39,0,0.0
